INSERT INTO candidate(candidate_id, name) VALUES(0, 'Otto Guevara');
INSERT INTO candidate(candidate_id, name) VALUES(0, 'Carlos Alvarado');
INSERT INTO candidate(candidate_id, name) VALUES(0, 'Juan Diego Castro');
INSERT INTO candidate(candidate_id, name) VALUES(0, 'Rodolfo Piza');
INSERT INTO candidate(candidate_id, name) VALUES(0, 'Edgardo Araya');
INSERT INTO candidate(candidate_id, name) VALUES(0, 'Antonio Alvarez');
INSERT INTO candidate(candidate_id, name) VALUES(0, 'Rodolfo Hernandez');
INSERT INTO candidate(candidate_id, name) VALUES(0, 'Carlos Alvarado');

INSERT INTO media(media_id, name) VALUES(1, 'La Nacion');
INSERT INTO media(media_id, name) VALUES(2, 'CR HOY');
INSERT INTO media(media_id, name) VALUES(3, 'Amelia Rueda');
INSERT INTO media(media_id, name) VALUES(4, 'La Extra');
INSERT INTO media(media_id, name) VALUES(5, 'El Financiero');
INSERT INTO media(media_id, name) VALUES(6, 'La República');
INSERT INTO media(media_id, name) VALUES(7, 'Semanario Universidad');
INSERT INTO media(media_id, name) VALUES(8, 'Monumental');
INSERT INTO media(media_id, name) VALUES(9, 'Noticias Repretel');

INSERT INTO section(section_id, media_id, name) VALUES(0, 1, 'Puro Deporte');
INSERT INTO section(section_id, media_id, name) VALUES(0, 1, 'Sucesos');
INSERT INTO section(section_id, media_id, name) VALUES(0, 1, 'Economía');
INSERT INTO section(section_id, media_id, name) VALUES(0, 1, 'Opinion');
INSERT INTO section(section_id, media_id, name) VALUES(0, 1, 'Viva');
INSERT INTO section(section_id, media_id, name) VALUES(0, 1, 'El Mundo');

INSERT INTO section(section_id, media_id, name) VALUES(0, 2, 'Nacionales');
INSERT INTO section(section_id, media_id, name) VALUES(0, 2, 'Deportes');
INSERT INTO section(section_id, media_id, name) VALUES(0, 2, 'Entretenimiento');
INSERT INTO section(section_id, media_id, name) VALUES(0, 2, 'Economía');
INSERT INTO section(section_id, media_id, name) VALUES(0, 2, 'Tecnología');
INSERT INTO section(section_id, media_id, name) VALUES(0, 2, 'Opinión');
INSERT INTO section(section_id, media_id, name) VALUES(0, 2, 'Mundo');
INSERT INTO section(section_id, media_id, name) VALUES(0, 2, 'Humor');

INSERT INTO action(action_id, action) VALUES(1, 'Create');
INSERT INTO action(action_id, action) VALUES(2, 'Delete');
INSERT INTO action(action_id, action) VALUES(3, 'Update');

INSERT INTO subject(subject_id, name) VALUES(0, 'Vivienda');
INSERT INTO subject(subject_id, name) VALUES(0, 'Turismo');
INSERT INTO subject(subject_id, name) VALUES(0, 'Uber');
INSERT INTO subject(subject_id, name) VALUES(0, 'Feriados');
INSERT INTO subject(subject_id, name) VALUES(0, 'Empleo');
INSERT INTO subject(subject_id, name) VALUES(0, 'Educación');
INSERT INTO subject(subject_id, name) VALUES(0, 'Banca');
INSERT INTO subject(subject_id, name) VALUES(0, 'Negocios');
INSERT INTO subject(subject_id, name) VALUES(0, 'Gobierno');
INSERT INTO subject(subject_id, name) VALUES(0, 'Tecnología');
INSERT INTO subject(subject_id, name) VALUES(0, 'Cemento');
INSERT INTO subject(subject_id, name) VALUES(0, 'Fiscales');
INSERT INTO subject(subject_id, name) VALUES(0, 'Curiosidades');