INSERT INTO candidate(candidate_id, name) VALUES(0, 'Otto Guevara');
INSERT INTO candidate(candidate_id, name) VALUES(0, 'Carlos Alvarado');
INSERT INTO candidate(candidate_id, name) VALUES(0, 'Juan Diego Castro');
INSERT INTO candidate(candidate_id, name) VALUES(0, 'Rodolfo Piza');
INSERT INTO candidate(candidate_id, name) VALUES(0, 'Edgardo Araya');
INSERT INTO candidate(candidate_id, name) VALUES(0, 'Antonio Alvarez');
INSERT INTO candidate(candidate_id, name) VALUES(0, 'Rodolfo Hernandez');
INSERT INTO candidate(candidate_id, name) VALUES(0, 'Carlos Alvarado');

INSERT INTO media(media_id, name, facebook_name, facebook_id) VALUES(1, 'La Nacion', 'lanacioncr', '115872105050');
INSERT INTO media(media_id, name, facebook_name, facebook_id) VALUES(2, 'CR HOY', 'crhoy.comnoticias','265769886798719');
INSERT INTO media(media_id, name, facebook_name, facebook_id) VALUES(3, 'Amelia Rueda', 'AmeliaRueda','142921462922');
INSERT INTO media(media_id, name, facebook_name, facebook_id) VALUES(4, 'La Extra', 'DiarioExtra','109396282421232');
INSERT INTO media(media_id, name, facebook_name, facebook_id) VALUES(5, 'El Financiero','elfinancierocr','47921680333');
INSERT INTO media(media_id, name, facebook_name, facebook_id) VALUES(6, 'Prensa Libre', 'LaPrensaLibre', '228302277255192');
INSERT INTO media(media_id, name, facebook_name, facebook_id) VALUES(7, 'Noticias Monumental', 'NoticiasMonumental', '111416968911423');
INSERT INTO media(media_id, name, facebook_name, facebook_id) VALUES(8, 'Semanario Universidad', 'sem.universidad', '119189668150973');
INSERT INTO media(media_id, name, facebook_name, facebook_id) VALUES(9, 'Repretel', 'noticiasrepretelcostarica', '100237323349361');
INSERT INTO media(media_id, name, facebook_name, facebook_id) VALUES(10, 'Telenoticias', 'Telenoticias7', '116842558326954');
INSERT INTO media(media_id, name, facebook_name, facebook_id) VALUES(100, 'Todos', 'Todos', '0');


INSERT INTO section(section_id, media_id, name) VALUES(0, 1, 'Puro Deporte');
INSERT INTO section(section_id, media_id, name) VALUES(0, 1, 'Sucesos');
INSERT INTO section(section_id, media_id, name) VALUES(0, 1, 'Economía');
INSERT INTO section(section_id, media_id, name) VALUES(0, 1, 'Opinion');
INSERT INTO section(section_id, media_id, name) VALUES(0, 1, 'Viva');
INSERT INTO section(section_id, media_id, name) VALUES(0, 1, 'El Mundo');
INSERT INTO section(section_id, media_id, name) VALUES(0, 2, 'Nacionales');
INSERT INTO section(section_id, media_id, name) VALUES(0, 2, 'Deportes');
INSERT INTO section(section_id, media_id, name) VALUES(0, 2, 'Entretenimiento');
INSERT INTO section(section_id, media_id, name) VALUES(0, 2, 'Economía');
INSERT INTO section(section_id, media_id, name) VALUES(0, 2, 'Tecnología');
INSERT INTO section(section_id, media_id, name) VALUES(0, 2, 'Opinión');
INSERT INTO section(section_id, media_id, name) VALUES(0, 2, 'Mundo');
INSERT INTO section(section_id, media_id, name) VALUES(0, 2, 'Humor');

INSERT INTO action(action_id, action) VALUES(1, 'Create');
INSERT INTO action(action_id, action) VALUES(2, 'Delete');
INSERT INTO action(action_id, action) VALUES(3, 'Update');

INSERT INTO category(category_id, category_name) VALUES(1, 'Sucesos');
INSERT INTO category(category_id, category_name) VALUES(2, 'Infraestructura y Transportes');
INSERT INTO category(category_id, category_name) VALUES(3, 'Entretenimiento');
INSERT INTO category(category_id, category_name) VALUES(4, 'Política');
INSERT INTO category(category_id, category_name) VALUES(5, 'Deportes');
INSERT INTO category(category_id, category_name) VALUES(6, 'Ciencia y Ambiente');
INSERT INTO category(category_id, category_name) VALUES(7, 'Asuntos Internacionales');
INSERT INTO category(category_id, category_name) VALUES(8, 'Economía');
INSERT INTO category(category_id, category_name) VALUES(9, 'Asuntos Sociales');
INSERT INTO category(category_id, category_name) VALUES(10, 'Otros');

INSERT INTO sub_category(category_id, sub_category_id, sub_category_name) VALUES(1,0,'Accidente');
INSERT INTO sub_category(category_id, sub_category_id, sub_category_name) VALUES(1,0,'Asalto');
INSERT INTO sub_category(category_id, sub_category_id, sub_category_name) VALUES(1,0,'Asesinato');
INSERT INTO sub_category(category_id, sub_category_id, sub_category_name) VALUES(1,0,'Crímenes');
INSERT INTO sub_category(category_id, sub_category_id, sub_category_name) VALUES(1,0,'Delitos Sexuales');
INSERT INTO sub_category(category_id, sub_category_id, sub_category_name) VALUES(1,0,'Desapariciones');
INSERT INTO sub_category(category_id, sub_category_id, sub_category_name) VALUES(1,0,'Eventos Naturales');
INSERT INTO sub_category(category_id, sub_category_id, sub_category_name) VALUES(1,0,'Femicidio');
INSERT INTO sub_category(category_id, sub_category_id, sub_category_name) VALUES(1,0,'Incendio');
INSERT INTO sub_category(category_id, sub_category_id, sub_category_name) VALUES(1,0,'Juicios');
INSERT INTO sub_category(category_id, sub_category_id, sub_category_name) VALUES(1,0,'Narcotrafico y Crimen Organizado');
INSERT INTO sub_category(category_id, sub_category_id, sub_category_name) VALUES(1,0,'Peleas');
INSERT INTO sub_category(category_id, sub_category_id, sub_category_name) VALUES(1,0,'Suicidios');
INSERT INTO sub_category(category_id, sub_category_id, sub_category_name) VALUES(1,0,'Estafa y/o Fraude');
INSERT INTO sub_category(category_id, sub_category_id, sub_category_name) VALUES(1,0,'Intervención Policial');
INSERT INTO sub_category(category_id, sub_category_id, sub_category_name) VALUES(1,0,'Amenazas');

INSERT INTO sub_category(category_id, sub_category_id, sub_category_name) VALUES(2,0,'Infraestructura General');
INSERT INTO sub_category(category_id, sub_category_id, sub_category_name) VALUES(2,0,'Infraestructura Vial');
INSERT INTO sub_category(category_id, sub_category_id, sub_category_name) VALUES(2,0,'Telecomunicaciones');
INSERT INTO sub_category(category_id, sub_category_id, sub_category_name) VALUES(2,0,'Tránsito');
INSERT INTO sub_category(category_id, sub_category_id, sub_category_name) VALUES(2,0,'Transporte');
INSERT INTO sub_category(category_id, sub_category_id, sub_category_name) VALUES(2,0,'Uber');
INSERT INTO sub_category(category_id, sub_category_id, sub_category_name) VALUES(2,0,'Combustible');

INSERT INTO sub_category(category_id, sub_category_id, sub_category_name) VALUES(3,0,'Baile');
INSERT INTO sub_category(category_id, sub_category_id, sub_category_name) VALUES(3,0,'Cine');
INSERT INTO sub_category(category_id, sub_category_id, sub_category_name) VALUES(3,0,'Farándula');
INSERT INTO sub_category(category_id, sub_category_id, sub_category_name) VALUES(3,0,'Moda');
INSERT INTO sub_category(category_id, sub_category_id, sub_category_name) VALUES(3,0,'Música');
INSERT INTO sub_category(category_id, sub_category_id, sub_category_name) VALUES(3,0,'Ocio');
INSERT INTO sub_category(category_id, sub_category_id, sub_category_name) VALUES(3,0,'Redes Sociales');
INSERT INTO sub_category(category_id, sub_category_id, sub_category_name) VALUES(3,0,'Streaming');
INSERT INTO sub_category(category_id, sub_category_id, sub_category_name) VALUES(3,0,'Televisión');
INSERT INTO sub_category(category_id, sub_category_id, sub_category_name) VALUES(3,0,'Toros');
INSERT INTO sub_category(category_id, sub_category_id, sub_category_name) VALUES(3,0,'Teatro');

INSERT INTO sub_category(category_id, sub_category_id, sub_category_name) VALUES(4,0,'Asamblea Legislativa');
INSERT INTO sub_category(category_id, sub_category_id, sub_category_name) VALUES(4,0,'Candidatos Políticos');
INSERT INTO sub_category(category_id, sub_category_id, sub_category_name) VALUES(4,0,'Ciudadanía');
INSERT INTO sub_category(category_id, sub_category_id, sub_category_name) VALUES(4,0,'Corrupción');
INSERT INTO sub_category(category_id, sub_category_id, sub_category_name) VALUES(4,0,'Debates Electorales');
INSERT INTO sub_category(category_id, sub_category_id, sub_category_name) VALUES(4,0,'Huelga');
INSERT INTO sub_category(category_id, sub_category_id, sub_category_name) VALUES(4,0,'Electorales');
INSERT INTO sub_category(category_id, sub_category_id, sub_category_name) VALUES(4,0,'Ex-presidentes');
INSERT INTO sub_category(category_id, sub_category_id, sub_category_name) VALUES(4,0,'Funcionarios públicos');
INSERT INTO sub_category(category_id, sub_category_id, sub_category_name) VALUES(4,0,'Gobierno');
INSERT INTO sub_category(category_id, sub_category_id, sub_category_name) VALUES(4,0,'Poder Judicial');
INSERT INTO sub_category(category_id, sub_category_id, sub_category_name) VALUES(4,0,'Instituciones públicas y autónomas');
INSERT INTO sub_category(category_id, sub_category_id, sub_category_name) VALUES(4,0,'Medición Opinión Pública');
INSERT INTO sub_category(category_id, sub_category_id, sub_category_name) VALUES(4,0,'Partidos Políticos');
INSERT INTO sub_category(category_id, sub_category_id, sub_category_name) VALUES(4,0,'Presidencia');
INSERT INTO sub_category(category_id, sub_category_id, sub_category_name) VALUES(4,0,'Sindicatos');
INSERT INTO sub_category(category_id, sub_category_id, sub_category_name) VALUES(4,0,'Colegios Profesionales');
INSERT INTO sub_category(category_id, sub_category_id, sub_category_name) VALUES(4,0,'Cemento');
INSERT INTO sub_category(category_id, sub_category_id, sub_category_name) VALUES(4,0,'Yanber');
INSERT INTO sub_category(category_id, sub_category_id, sub_category_name) VALUES(4,0,'Municipalidades');

INSERT INTO sub_category(category_id, sub_category_id, sub_category_name) VALUES(5,0,'Alpinismo');
INSERT INTO sub_category(category_id, sub_category_id, sub_category_name) VALUES(5,0,'Atletismo');
INSERT INTO sub_category(category_id, sub_category_id, sub_category_name) VALUES(5,0,'Boxeo');
INSERT INTO sub_category(category_id, sub_category_id, sub_category_name) VALUES(5,0,'Ciclismo');
INSERT INTO sub_category(category_id, sub_category_id, sub_category_name) VALUES(5,0,'Fútbol');
INSERT INTO sub_category(category_id, sub_category_id, sub_category_name) VALUES(5,0,'Golf');
INSERT INTO sub_category(category_id, sub_category_id, sub_category_name) VALUES(5,0,'Natación');
INSERT INTO sub_category(category_id, sub_category_id, sub_category_name) VALUES(5,0,'Olimpiadas');
INSERT INTO sub_category(category_id, sub_category_id, sub_category_name) VALUES(5,0,'Surf');
INSERT INTO sub_category(category_id, sub_category_id, sub_category_name) VALUES(5,0,'Tennis');
INSERT INTO sub_category(category_id, sub_category_id, sub_category_name) VALUES(5,0,'Triatlón');
INSERT INTO sub_category(category_id, sub_category_id, sub_category_name) VALUES(5,0,'MMA');

INSERT INTO sub_category(category_id, sub_category_id, sub_category_name) VALUES(6,0,'Ambiente');
INSERT INTO sub_category(category_id, sub_category_id, sub_category_name) VALUES(6,0,'Animales');
INSERT INTO sub_category(category_id, sub_category_id, sub_category_name) VALUES(6,0,'Arqueología');
INSERT INTO sub_category(category_id, sub_category_id, sub_category_name) VALUES(6,0,'Clima');
INSERT INTO sub_category(category_id, sub_category_id, sub_category_name) VALUES(6,0,'Combustibles');
INSERT INTO sub_category(category_id, sub_category_id, sub_category_name) VALUES(6,0,'Energía');
INSERT INTO sub_category(category_id, sub_category_id, sub_category_name) VALUES(6,0,'Medicina');
INSERT INTO sub_category(category_id, sub_category_id, sub_category_name) VALUES(6,0,'Naturaleza');
INSERT INTO sub_category(category_id, sub_category_id, sub_category_name) VALUES(6,0,'Tecnología');
INSERT INTO sub_category(category_id, sub_category_id, sub_category_name) VALUES(6,0,'Sostenibilidad');

INSERT INTO sub_category(category_id, sub_category_id, sub_category_name) VALUES(7,0,'China');
INSERT INTO sub_category(category_id, sub_category_id, sub_category_name) VALUES(7,0,'Estados Unidos');
INSERT INTO sub_category(category_id, sub_category_id, sub_category_name) VALUES(7,0,'España');
INSERT INTO sub_category(category_id, sub_category_id, sub_category_name) VALUES(7,0,'Francia');
INSERT INTO sub_category(category_id, sub_category_id, sub_category_name) VALUES(7,0,'Guerra');
INSERT INTO sub_category(category_id, sub_category_id, sub_category_name) VALUES(7,0,'Italia');
INSERT INTO sub_category(category_id, sub_category_id, sub_category_name) VALUES(7,0,'Nicaragua');
INSERT INTO sub_category(category_id, sub_category_id, sub_category_name) VALUES(7,0,'Siria');
INSERT INTO sub_category(category_id, sub_category_id, sub_category_name) VALUES(7,0,'Terrorismo');
INSERT INTO sub_category(category_id, sub_category_id, sub_category_name) VALUES(7,0,'ONU');
INSERT INTO sub_category(category_id, sub_category_id, sub_category_name) VALUES(7,0,'Venezuela');
INSERT INTO sub_category(category_id, sub_category_id, sub_category_name) VALUES(7,0,'Corea del Norte');
INSERT INTO sub_category(category_id, sub_category_id, sub_category_name) VALUES(7,0,'Palestina');

INSERT INTO sub_category(category_id, sub_category_id, sub_category_name) VALUES(8,0,'Banca');
INSERT INTO sub_category(category_id, sub_category_id, sub_category_name) VALUES(8,0,'Fiscales');
INSERT INTO sub_category(category_id, sub_category_id, sub_category_name) VALUES(8,0,'Gasto Público');
INSERT INTO sub_category(category_id, sub_category_id, sub_category_name) VALUES(8,0,'Negocios');
INSERT INTO sub_category(category_id, sub_category_id, sub_category_name) VALUES(8,0,'Pensiones');
INSERT INTO sub_category(category_id, sub_category_id, sub_category_name) VALUES(8,0,'Pobreza');
INSERT INTO sub_category(category_id, sub_category_id, sub_category_name) VALUES(8,0,'Trabajo');
INSERT INTO sub_category(category_id, sub_category_id, sub_category_name) VALUES(8,0,'Crecimiento económico');

INSERT INTO sub_category(category_id, sub_category_id, sub_category_name) VALUES(9,0,'Adultos Mayores');
INSERT INTO sub_category(category_id, sub_category_id, sub_category_name) VALUES(9,0,'Comunicación');
INSERT INTO sub_category(category_id, sub_category_id, sub_category_name) VALUES(9,0,'Cultura');
INSERT INTO sub_category(category_id, sub_category_id, sub_category_name) VALUES(9,0,'Educación');
INSERT INTO sub_category(category_id, sub_category_id, sub_category_name) VALUES(9,0,'Género');
INSERT INTO sub_category(category_id, sub_category_id, sub_category_name) VALUES(9,0,'Historia');
INSERT INTO sub_category(category_id, sub_category_id, sub_category_name) VALUES(9,0,'Indígenas');
INSERT INTO sub_category(category_id, sub_category_id, sub_category_name) VALUES(9,0,'Juventud');
INSERT INTO sub_category(category_id, sub_category_id, sub_category_name) VALUES(9,0,'LGBTIQ');
INSERT INTO sub_category(category_id, sub_category_id, sub_category_name) VALUES(9,0,'Literatura');
INSERT INTO sub_category(category_id, sub_category_id, sub_category_name) VALUES(9,0,'Migración');
INSERT INTO sub_category(category_id, sub_category_id, sub_category_name) VALUES(9,0,'Niñez');
INSERT INTO sub_category(category_id, sub_category_id, sub_category_name) VALUES(9,0,'Religión');
INSERT INTO sub_category(category_id, sub_category_id, sub_category_name) VALUES(9,0,'Salud');
INSERT INTO sub_category(category_id, sub_category_id, sub_category_name) VALUES(9,0,'Seguridad');
INSERT INTO sub_category(category_id, sub_category_id, sub_category_name) VALUES(9,0,'Urbanismo');
INSERT INTO sub_category(category_id, sub_category_id, sub_category_name) VALUES(9,0,'Vivienda');
INSERT INTO sub_category(category_id, sub_category_id, sub_category_name) VALUES(9,0,'Servicio Militar');
INSERT INTO sub_category(category_id, sub_category_id, sub_category_name) VALUES(9,0,'Servicios Públicos');
INSERT INTO sub_category(category_id, sub_category_id, sub_category_name) VALUES(9,0,'Turismo');

INSERT INTO sub_category(category_id, sub_category_id, sub_category_name) VALUES(10,0,'Cartas a la columna');
INSERT INTO sub_category(category_id, sub_category_id, sub_category_name) VALUES(10,0,'Curiosidades');
INSERT INTO sub_category(category_id, sub_category_id, sub_category_name) VALUES(10,0,'Feriados/efemérides');
INSERT INTO sub_category(category_id, sub_category_id, sub_category_name) VALUES(10,0,'Historias de Vida');
INSERT INTO sub_category(category_id, sub_category_id, sub_category_name) VALUES(10,0,'Medios');
INSERT INTO sub_category(category_id, sub_category_id, sub_category_name) VALUES(10,0,'Salud');
INSERT INTO sub_category(category_id, sub_category_id, sub_category_name) VALUES(10,0,'Condolencias');
INSERT INTO sub_category(category_id, sub_category_id, sub_category_name) VALUES(10,0,'Lotería'); 
INSERT INTO sub_category(category_id, sub_category_id, sub_category_name) VALUES(10,0,'Caridad');
INSERT INTO sub_category(category_id, sub_category_id, sub_category_name) VALUES(10,0,'Quices');
